{"plot":{"height":28,"format":"png","count":10,"filenames":["media/images/plot_1_7f9147937f711e4ba16e.png","media/images/plot_1_ba8afe5093296b9da95d.png","media/images/plot_1_cd8689e0f2a035303171.png","media/images/plot_1_65989982ca9140b3494a.png","media/images/plot_1_c994f021ba36204ca3c1.png","media/images/plot_1_352ec8bcbb7f793c3857.png","media/images/plot_1_c5a7eaa6a52ac0e794bb.png","media/images/plot_1_4d144877c9093c197264.png","media/images/plot_1_f9ae28233f32bf80214f.png","media/images/plot_1_adf48a208b1e9f1a3b47.png"],"captions":["T-shirt/top","Trouser","Pullover","Dress","Coat","Sandal","Shirt","Sneaker","Bag","Ankle boot"],"_type":"images/separated","width":28},"_timestamp":1.7415288048320057e+09,"_runtime":3.437710339,"_step":1,"_wandb":{"runtime":3}}